module_name,module_type,present_in_codebase,enabled_runtime_drush,enabled_in_core_extension,status_runtime
action,core,yes,no,no,disabled
address,contrib,yes,no,no,disabled
admin_toolbar,contrib,yes,yes,yes,enabled
admin_toolbar_links_access_filter,contrib,yes,no,no,disabled
admin_toolbar_search,contrib,yes,no,no,disabled
admin_toolbar_tools,contrib,yes,yes,yes,enabled
allowed_formats,contrib,yes,yes,yes,enabled
announcements_feed,core,yes,no,no,disabled
autologout,contrib,yes,yes,yes,enabled
automated_cron,core,yes,no,no,disabled
ban,core,yes,no,no,disabled
basic_auth,core,yes,no,no,disabled
big_pipe,core,yes,no,no,disabled
block,core,yes,yes,yes,enabled
block_content,core,yes,yes,yes,enabled
book,core,yes,no,no,disabled
breakpoint,core,yes,yes,yes,enabled
ckeditor5,core,yes,yes,yes,enabled
ckeditor_media_resize,contrib,yes,yes,yes,enabled
comment,core,yes,no,no,disabled
composer_deploy,contrib,yes,yes,yes,enabled
conditional_fields,contrib,yes,yes,yes,enabled
config,core,yes,yes,yes,enabled
config_pages,contrib,yes,yes,yes,enabled
config_split,contrib,yes,yes,yes,enabled
config_translation,core,yes,no,no,disabled
contact,core,yes,no,no,disabled
content_lock,contrib,yes,yes,yes,enabled
content_lock_timeout,contrib,yes,yes,yes,enabled
content_moderation,core,yes,yes,yes,enabled
content_moderation_notifications,contrib,yes,yes,yes,enabled
content_translation,core,yes,yes,yes,enabled
contextual,core,yes,yes,yes,enabled
csv_serialization,contrib,yes,yes,yes,enabled
ctools,contrib,yes,yes,yes,enabled
ctools_block,contrib,yes,no,no,disabled
ctools_entity_mask,contrib,yes,no,no,disabled
ctools_views,contrib,yes,no,no,disabled
datetime,core,yes,yes,yes,enabled
datetime_range,core,yes,yes,yes,enabled
dblog,core,yes,no,no,disabled
demo_umami_content,other,yes,no,no,disabled
devel,contrib,yes,yes,no,enabled
devel_generate,contrib,yes,yes,no,enabled
diff,contrib,yes,yes,yes,enabled
drupal_system_cross_profile_test,other,yes,no,no,disabled
drupal_system_listing_compatible_test,other,yes,no,no,disabled
dynamic_page_cache,core,yes,yes,yes,enabled
editor,core,yes,yes,yes,enabled
embed,contrib,yes,yes,yes,enabled
embedded_content,contrib,yes,yes,yes,enabled
entity_embed,contrib,yes,yes,yes,enabled
entity_reference_revisions,contrib,yes,yes,yes,enabled
externalauth,contrib,yes,yes,yes,enabled
faqfield,contrib,yes,yes,yes,enabled
feeds,contrib,yes,yes,yes,enabled
feeds_log,contrib,yes,no,no,disabled
field,core,yes,yes,yes,enabled
field_defaults,contrib,yes,yes,yes,enabled
field_group,contrib,yes,yes,yes,enabled
field_group_accordion,contrib,yes,no,no,disabled
field_group_migrate,contrib,yes,no,no,disabled
field_layout,core,yes,no,no,disabled
field_permissions,contrib,yes,yes,yes,enabled
field_ui,core,yes,yes,yes,enabled
file,core,yes,yes,yes,enabled
filter,core,yes,yes,yes,enabled
forum,core,yes,no,no,disabled
help,core,yes,no,no,disabled
help_topics,core,yes,no,no,disabled
hierarchy_manager,contrib,yes,yes,yes,enabled
history,core,yes,no,no,disabled
image,core,yes,yes,yes,enabled
image_style_warmer,contrib,yes,yes,yes,enabled
inline_form_errors,core,yes,no,no,disabled
jquery_ui,contrib,yes,yes,yes,enabled
jquery_ui_accordion,contrib,yes,yes,yes,enabled
js_cookie,contrib,yes,yes,yes,enabled
jsonapi,core,yes,yes,yes,enabled
language,core,yes,yes,yes,enabled
language_switcher_extended,contrib,yes,yes,yes,enabled
layout_builder,core,yes,no,no,disabled
layout_builder_expose_all_field_blocks,core,yes,no,no,disabled
layout_discovery,core,yes,no,no,disabled
link,core,yes,yes,yes,enabled
locale,core,yes,no,no,disabled
log_stdout,contrib,yes,yes,yes,enabled
meaofd,contrib,yes,no,no,disabled
media,core,yes,yes,yes,enabled
media_library,core,yes,yes,yes,enabled
menu_block,contrib,yes,yes,yes,enabled
menu_breadcrumb,contrib,yes,yes,yes,enabled
menu_item_fields,contrib,yes,yes,yes,enabled
menu_item_fields_ui,contrib,yes,yes,yes,enabled
menu_link_content,core,yes,yes,yes,enabled
menu_ui,core,yes,yes,yes,enabled
migrate,core,yes,no,no,disabled
migrate_drupal,core,yes,no,no,disabled
migrate_drupal_ui,core,yes,no,no,disabled
minimal,n/a,no,no,yes,disabled
mysql,core,yes,yes,yes,enabled
navigation,core,yes,no,no,disabled
navigation_top_bar,core,yes,no,no,disabled
new_relic_rpm,contrib,yes,yes,yes,enabled
node,core,yes,yes,yes,enabled
node_menus,contrib,yes,yes,yes,enabled
options,core,yes,yes,yes,enabled
page_cache,core,yes,yes,yes,enabled
paragraphs,contrib,yes,yes,yes,enabled
paragraphs_demo,contrib,yes,no,no,disabled
paragraphs_entity_embed,contrib,yes,yes,yes,enabled
paragraphs_library,contrib,yes,no,no,disabled
paragraphs_type_permissions,contrib,yes,no,no,disabled
path,core,yes,yes,yes,enabled
path_alias,core,yes,yes,yes,enabled
pathauto,contrib,yes,yes,yes,enabled
permission_spreadsheet,contrib,yes,yes,yes,enabled
pgsql,core,yes,no,no,disabled
phpass,core,yes,no,no,disabled
redirect,contrib,yes,yes,yes,enabled
redirect_404,contrib,yes,no,no,disabled
redirect_domain,contrib,yes,no,no,disabled
redis,contrib,yes,yes,yes,enabled
remove_http_headers,contrib,yes,yes,yes,enabled
responsive_image,core,yes,yes,yes,enabled
rest,core,yes,yes,yes,enabled
s3fs,contrib,yes,yes,yes,enabled
samlauth,contrib,yes,yes,yes,enabled
samlauth_user_fields,contrib,yes,no,no,disabled
samlauth_user_roles,contrib,yes,no,no,disabled
scheduler,contrib,yes,yes,yes,enabled
scheduler_content_moderation_integration,contrib,yes,yes,yes,enabled
scheduler_rules_integration,contrib,yes,no,no,disabled
sdc,core,yes,no,no,disabled
search,core,yes,no,no,disabled
serialization,core,yes,yes,yes,enabled
settings_tray,core,yes,yes,yes,enabled
shortcut,core,yes,no,no,disabled
simple_sitemap,contrib,yes,yes,yes,enabled
simple_sitemap_engines,contrib,yes,no,no,disabled
simple_sitemap_views,contrib,yes,no,no,disabled
simplify_menu,contrib,yes,yes,yes,enabled
simplify_menu_test,contrib,yes,no,no,disabled
sortableviews,contrib,yes,yes,yes,enabled
sqlite,core,yes,no,no,disabled
statistics,core,yes,no,no,disabled
structure_sync,contrib,yes,yes,yes,enabled
syslog,core,yes,no,no,disabled
system,core,yes,yes,yes,enabled
taxonomy,core,yes,yes,yes,enabled
telephone,core,yes,yes,yes,enabled
term_condition,contrib,yes,yes,yes,enabled
testing_config_overrides_module,other,yes,no,no,disabled
text,core,yes,yes,yes,enabled
token,contrib,yes,yes,yes,enabled
tome,contrib,yes,no,no,disabled
tome_base,contrib,yes,yes,yes,enabled
tome_static,contrib,yes,yes,yes,enabled
tome_static_cron,contrib,yes,no,no,disabled
tome_static_super_cache,contrib,yes,no,no,disabled
tome_sync,contrib,yes,no,no,disabled
tome_sync_autoclean,contrib,yes,no,no,disabled
toolbar,core,yes,yes,yes,enabled
tour,core,yes,no,no,disabled
tracker,core,yes,no,no,disabled
twig_field_value,contrib,yes,yes,yes,enabled
twig_tweak,contrib,yes,yes,yes,enabled
update,core,yes,yes,yes,enabled
usa_admin_styles,custom,yes,yes,yes,enabled
usa_contact_center_api,custom,yes,yes,yes,enabled
usa_content_moderation_notifications,custom,yes,yes,yes,enabled
usa_orphaned_entities,custom,yes,yes,yes,enabled
usa_translation,custom,yes,yes,yes,enabled
usa_twig_vars,custom,yes,yes,yes,enabled
usa_workflow,custom,yes,no,no,disabled
usagov_benefit_category_search,custom,yes,yes,yes,enabled
usagov_benefit_finder,custom,yes,yes,yes,enabled
usagov_benefit_finder_api,custom,yes,yes,yes,enabled
usagov_benefit_finder_content,custom,yes,yes,yes,enabled
usagov_benefit_finder_page,custom,yes,yes,yes,enabled
usagov_blog_date_menu,custom,yes,yes,yes,enabled
usagov_ckeditor5_source_editing_fixup,custom,yes,yes,yes,enabled
usagov_directories,custom,yes,yes,yes,enabled
usagov_extra_functions,custom,yes,yes,yes,enabled
usagov_login,custom,yes,yes,yes,enabled
usagov_menus,custom,yes,yes,yes,enabled
usagov_redirect,custom,yes,yes,yes,enabled
usagov_sitemap,custom,yes,yes,yes,enabled
usagov_ssg_postprocessing,custom,yes,yes,yes,enabled
usagov_top_navigation_menu,custom,yes,yes,yes,enabled
usagov_unpub_es,custom,yes,no,no,disabled
usagov_uswds_paragraph_components_mods,custom,yes,yes,yes,enabled
usagov_wizard,custom,yes,yes,yes,enabled
user,core,yes,yes,yes,enabled
uswds_ckeditor_integration,contrib,yes,yes,yes,enabled
uswds_ckeditor_integration_embed,contrib,yes,no,no,disabled
uswds_paragraph_components,contrib,yes,yes,yes,enabled
uswds_paragraph_components_accordions,contrib,yes,no,no,disabled
uswds_paragraph_components_alerts,contrib,yes,no,no,disabled
uswds_paragraph_components_breakpoints,contrib,yes,yes,yes,enabled
uswds_paragraph_components_cards,contrib,yes,yes,yes,enabled
uswds_paragraph_components_columns,contrib,yes,no,no,disabled
uswds_paragraph_components_modal,contrib,yes,no,no,disabled
uswds_paragraph_components_process_list,contrib,yes,no,no,disabled
uswds_paragraph_components_step_indicator,contrib,yes,no,no,disabled
uswds_paragraph_components_summary_box,contrib,yes,no,no,disabled
views,core,yes,yes,yes,enabled
views_data_export,contrib,yes,yes,yes,enabled
views_menu_children_filter,contrib,yes,yes,yes,enabled
views_ui,core,yes,yes,yes,enabled
viewsreference,contrib,yes,yes,yes,enabled
workflows,core,yes,yes,yes,enabled
workspaces,core,yes,no,no,disabled
