module_name,module_type,project_key,is_child_module,parent_module,child_detection_method,present_in_codebase,enabled_runtime_drush,enabled_in_core_extension,parent_enabled_runtime,safe_to_flag_for_deletion,module_info_path
action,core,action,no,,,yes,no,no,no,yes,/srv/usagov-2021/web/core/modules/action/action.info.yml
address,contrib,address,no,,,yes,no,no,no,yes,/srv/usagov-2021/web/modules/contrib/address/address.info.yml
admin_toolbar,contrib,admin_toolbar,no,,,yes,yes,yes,no,no,/srv/usagov-2021/web/modules/contrib/admin_toolbar/admin_toolbar.info.yml
admin_toolbar_links_access_filter,contrib,admin_toolbar,yes,admin_toolbar,path_under_canonical_project,yes,no,no,yes,no,/srv/usagov-2021/web/modules/contrib/admin_toolbar/admin_toolbar_links_access_filter/admin_toolbar_links_access_filter.info.yml
admin_toolbar_search,contrib,admin_toolbar,yes,admin_toolbar,path_under_canonical_project,yes,no,no,yes,no,/srv/usagov-2021/web/modules/contrib/admin_toolbar/admin_toolbar_search/admin_toolbar_search.info.yml
admin_toolbar_tools,contrib,admin_toolbar,yes,admin_toolbar,path_under_canonical_project,yes,yes,yes,yes,no,/srv/usagov-2021/web/modules/contrib/admin_toolbar/admin_toolbar_tools/admin_toolbar_tools.info.yml
allowed_formats,contrib,allowed_formats,no,,,yes,yes,yes,no,no,/srv/usagov-2021/web/modules/contrib/allowed_formats/allowed_formats.info.yml
announcements_feed,core,announcements_feed,no,,,yes,no,no,no,yes,/srv/usagov-2021/web/core/modules/announcements_feed/announcements_feed.info.yml
autologout,contrib,autologout,no,,,yes,yes,yes,no,no,/srv/usagov-2021/web/modules/contrib/autologout/autologout.info.yml
automated_cron,core,automated_cron,no,,,yes,no,no,no,yes,/srv/usagov-2021/web/core/modules/automated_cron/automated_cron.info.yml
ban,core,ban,no,,,yes,no,no,no,yes,/srv/usagov-2021/web/core/modules/ban/ban.info.yml
basic_auth,core,basic_auth,no,,,yes,no,no,no,yes,/srv/usagov-2021/web/core/modules/basic_auth/basic_auth.info.yml
big_pipe,core,big_pipe,no,,,yes,no,no,no,yes,/srv/usagov-2021/web/core/modules/big_pipe/big_pipe.info.yml
block,core,block,no,,,yes,yes,yes,no,no,/srv/usagov-2021/web/core/modules/block/block.info.yml
block_content,core,block_content,no,,,yes,yes,yes,no,no,/srv/usagov-2021/web/core/modules/block_content/block_content.info.yml
book,core,book,no,,,yes,no,no,no,yes,/srv/usagov-2021/web/core/modules/book/book.info.yml
breakpoint,core,breakpoint,no,,,yes,yes,yes,no,no,/srv/usagov-2021/web/core/modules/breakpoint/breakpoint.info.yml
ckeditor5,core,ckeditor5,no,,,yes,yes,yes,no,no,/srv/usagov-2021/web/core/modules/ckeditor5/ckeditor5.info.yml
ckeditor_media_resize,contrib,ckeditor_media_resize,no,,,yes,yes,yes,no,no,/srv/usagov-2021/web/modules/contrib/ckeditor_media_resize/ckeditor_media_resize.info.yml
comment,core,comment,no,,,yes,no,no,no,yes,/srv/usagov-2021/web/core/modules/comment/comment.info.yml
composer_deploy,contrib,composer_deploy,no,,,yes,yes,yes,no,no,/srv/usagov-2021/web/modules/contrib/composer_deploy/composer_deploy.info.yml
conditional_fields,contrib,conditional_fields,no,,,yes,yes,yes,no,no,/srv/usagov-2021/web/modules/contrib/conditional_fields/conditional_fields.info.yml
config,core,config,no,,,yes,yes,yes,no,no,/srv/usagov-2021/web/core/modules/config/config.info.yml
config_pages,contrib,config_pages,no,,,yes,yes,yes,no,no,/srv/usagov-2021/web/modules/contrib/config_pages/config_pages.info.yml
config_split,contrib,config_split,no,,,yes,yes,yes,no,no,/srv/usagov-2021/web/modules/contrib/config_split/config_split.info.yml
config_translation,core,config_translation,no,,,yes,no,no,no,yes,/srv/usagov-2021/web/core/modules/config_translation/config_translation.info.yml
contact,core,contact,no,,,yes,no,no,no,yes,/srv/usagov-2021/web/core/modules/contact/contact.info.yml
content_lock,contrib,content_lock,no,,,yes,yes,yes,no,no,/srv/usagov-2021/web/modules/contrib/content_lock/content_lock.info.yml
content_lock_timeout,contrib,content_lock,yes,content_lock,path_under_canonical_project,yes,yes,yes,yes,no,/srv/usagov-2021/web/modules/contrib/content_lock/modules/content_lock_timeout/content_lock_timeout.info.yml
content_moderation,core,content_moderation,no,,,yes,yes,yes,no,no,/srv/usagov-2021/web/core/modules/content_moderation/content_moderation.info.yml
content_moderation_notifications,contrib,content_moderation_notifications,no,,,yes,yes,yes,no,no,/srv/usagov-2021/web/modules/contrib/content_moderation_notifications/content_moderation_notifications.info.yml
content_translation,core,content_translation,no,,,yes,yes,yes,no,no,/srv/usagov-2021/web/core/modules/content_translation/content_translation.info.yml
contextual,core,contextual,no,,,yes,yes,yes,no,no,/srv/usagov-2021/web/core/modules/contextual/contextual.info.yml
csv_serialization,contrib,csv_serialization,no,,,yes,yes,yes,no,no,/srv/usagov-2021/web/modules/contrib/csv_serialization/csv_serialization.info.yml
ctools,contrib,ctools,no,,,yes,yes,yes,no,no,/srv/usagov-2021/web/modules/contrib/ctools/ctools.info.yml
ctools_block,contrib,ctools,yes,ctools,path_under_canonical_project,yes,no,no,yes,no,/srv/usagov-2021/web/modules/contrib/ctools/modules/ctools_block/ctools_block.info.yml
ctools_entity_mask,contrib,ctools,yes,ctools,path_under_canonical_project,yes,no,no,yes,no,/srv/usagov-2021/web/modules/contrib/ctools/modules/ctools_entity_mask/ctools_entity_mask.info.yml
ctools_views,contrib,ctools,yes,ctools,path_under_canonical_project,yes,no,no,yes,no,/srv/usagov-2021/web/modules/contrib/ctools/modules/ctools_views/ctools_views.info.yml
datetime,core,datetime,no,,,yes,yes,yes,no,no,/srv/usagov-2021/web/core/modules/datetime/datetime.info.yml
datetime_range,core,datetime_range,no,,,yes,yes,yes,no,no,/srv/usagov-2021/web/core/modules/datetime_range/datetime_range.info.yml
dblog,core,dblog,no,,,yes,no,no,no,yes,/srv/usagov-2021/web/core/modules/dblog/dblog.info.yml
demo_umami_content,other,,no,,,yes,no,no,no,yes,/srv/usagov-2021/web/core/profiles/demo_umami/modules/demo_umami_content/demo_umami_content.info.yml
devel,contrib,devel,no,,,yes,yes,no,no,no,/srv/usagov-2021/web/modules/contrib/devel/devel.info.yml
devel_generate,contrib,devel,yes,devel,path_under_canonical_project,yes,yes,no,yes,no,/srv/usagov-2021/web/modules/contrib/devel/devel_generate/devel_generate.info.yml
diff,contrib,diff,no,,,yes,yes,yes,no,no,/srv/usagov-2021/web/modules/contrib/diff/diff.info.yml
drupal_system_cross_profile_test,other,,no,,,yes,no,no,no,yes,/srv/usagov-2021/web/core/profiles/testing/modules/drupal_system_cross_profile_test/drupal_system_cross_profile_test.info.yml
drupal_system_listing_compatible_test,other,,no,,,yes,no,no,no,yes,/srv/usagov-2021/web/core/profiles/testing/modules/drupal_system_listing_compatible_test/drupal_system_listing_compatible_test.info.yml
dynamic_page_cache,core,dynamic_page_cache,no,,,yes,yes,yes,no,no,/srv/usagov-2021/web/core/modules/dynamic_page_cache/dynamic_page_cache.info.yml
editor,core,editor,no,,,yes,yes,yes,no,no,/srv/usagov-2021/web/core/modules/editor/editor.info.yml
embed,contrib,embed,no,,,yes,yes,yes,no,no,/srv/usagov-2021/web/modules/contrib/embed/embed.info.yml
embedded_content,contrib,embedded_content,no,,,yes,yes,yes,no,no,/srv/usagov-2021/web/modules/contrib/embedded_content/embedded_content.info.yml
entity_embed,contrib,entity_embed,no,,,yes,yes,yes,no,no,/srv/usagov-2021/web/modules/contrib/entity_embed/entity_embed.info.yml
entity_reference_revisions,contrib,entity_reference_revisions,no,,,yes,yes,yes,no,no,/srv/usagov-2021/web/modules/contrib/entity_reference_revisions/entity_reference_revisions.info.yml
externalauth,contrib,externalauth,no,,,yes,yes,yes,no,no,/srv/usagov-2021/web/modules/contrib/externalauth/externalauth.info.yml
faqfield,contrib,faqfield,no,,,yes,yes,yes,no,no,/srv/usagov-2021/web/modules/contrib/faqfield/faqfield.info.yml
feeds,contrib,feeds,no,,,yes,yes,yes,no,no,/srv/usagov-2021/web/modules/contrib/feeds/feeds.info.yml
feeds_log,contrib,feeds,yes,feeds,path_under_canonical_project,yes,no,no,yes,no,/srv/usagov-2021/web/modules/contrib/feeds/modules/log/feeds_log.info.yml
field,core,field,no,,,yes,yes,yes,no,no,/srv/usagov-2021/web/core/modules/field/field.info.yml
field_defaults,contrib,field_defaults,no,,,yes,yes,yes,no,no,/srv/usagov-2021/web/modules/contrib/field_defaults/field_defaults.info.yml
field_group,contrib,field_group,no,,,yes,yes,yes,no,no,/srv/usagov-2021/web/modules/contrib/field_group/field_group.info.yml
field_group_accordion,contrib,field_group,yes,field_group,path_under_canonical_project,yes,no,no,yes,no,/srv/usagov-2021/web/modules/contrib/field_group/modules/field_group_accordion/field_group_accordion.info.yml
field_group_migrate,contrib,field_group,yes,field_group,path_under_canonical_project,yes,no,no,yes,no,/srv/usagov-2021/web/modules/contrib/field_group/contrib/field_group_migrate/field_group_migrate.info.yml
field_layout,core,field_layout,no,,,yes,no,no,no,yes,/srv/usagov-2021/web/core/modules/field_layout/field_layout.info.yml
field_permissions,contrib,field_permissions,no,,,yes,yes,yes,no,no,/srv/usagov-2021/web/modules/contrib/field_permissions/field_permissions.info.yml
field_ui,core,field_ui,no,,,yes,yes,yes,no,no,/srv/usagov-2021/web/core/modules/field_ui/field_ui.info.yml
file,core,file,no,,,yes,yes,yes,no,no,/srv/usagov-2021/web/core/modules/file/file.info.yml
filter,core,filter,no,,,yes,yes,yes,no,no,/srv/usagov-2021/web/core/modules/filter/filter.info.yml
forum,core,forum,no,,,yes,no,no,no,yes,/srv/usagov-2021/web/core/modules/forum/forum.info.yml
help,core,help,no,,,yes,no,no,no,yes,/srv/usagov-2021/web/core/modules/help/help.info.yml
help_topics,core,help_topics,no,,,yes,no,no,no,yes,/srv/usagov-2021/web/core/modules/help_topics/help_topics.info.yml
hierarchy_manager,contrib,hierarchy_manager,no,,,yes,yes,yes,no,no,/srv/usagov-2021/web/modules/contrib/hierarchy_manager/hierarchy_manager.info.yml
history,core,history,no,,,yes,no,no,no,yes,/srv/usagov-2021/web/core/modules/history/history.info.yml
image,core,image,no,,,yes,yes,yes,no,no,/srv/usagov-2021/web/core/modules/image/image.info.yml
image_style_warmer,contrib,image_style_warmer,no,,,yes,yes,yes,no,no,/srv/usagov-2021/web/modules/contrib/image_style_warmer/image_style_warmer.info.yml
inline_form_errors,core,inline_form_errors,no,,,yes,no,no,no,yes,/srv/usagov-2021/web/core/modules/inline_form_errors/inline_form_errors.info.yml
jquery_ui,contrib,jquery_ui,no,,,yes,yes,yes,no,no,/srv/usagov-2021/web/modules/contrib/jquery_ui/jquery_ui.info.yml
jquery_ui_accordion,contrib,jquery_ui_accordion,no,,,yes,yes,yes,no,no,/srv/usagov-2021/web/modules/contrib/jquery_ui_accordion/jquery_ui_accordion.info.yml
js_cookie,contrib,js_cookie,no,,,yes,yes,yes,no,no,/srv/usagov-2021/web/modules/contrib/js_cookie/js_cookie.info.yml
jsonapi,core,jsonapi,no,,,yes,yes,yes,no,no,/srv/usagov-2021/web/core/modules/jsonapi/jsonapi.info.yml
language,core,language,no,,,yes,yes,yes,no,no,/srv/usagov-2021/web/core/modules/language/language.info.yml
language_switcher_extended,contrib,language_switcher_extended,no,,,yes,yes,yes,no,no,/srv/usagov-2021/web/modules/contrib/language_switcher_extended/language_switcher_extended.info.yml
layout_builder,core,layout_builder,no,,,yes,no,no,no,yes,/srv/usagov-2021/web/core/modules/layout_builder/layout_builder.info.yml
layout_builder_expose_all_field_blocks,core,layout_builder,yes,layout_builder,path_under_canonical_project,yes,no,no,no,yes,/srv/usagov-2021/web/core/modules/layout_builder/modules/layout_builder_expose_all_field_blocks/layout_builder_expose_all_field_blocks.info.yml
layout_discovery,core,layout_discovery,no,,,yes,no,no,no,yes,/srv/usagov-2021/web/core/modules/layout_discovery/layout_discovery.info.yml
link,core,link,no,,,yes,yes,yes,no,no,/srv/usagov-2021/web/core/modules/link/link.info.yml
locale,core,locale,no,,,yes,no,no,no,yes,/srv/usagov-2021/web/core/modules/locale/locale.info.yml
log_stdout,contrib,log_stdout,no,,,yes,yes,yes,no,no,/srv/usagov-2021/web/modules/contrib/log_stdout/log_stdout.info.yml
meaofd,contrib,meaofd,no,,,yes,no,no,no,yes,/srv/usagov-2021/web/modules/contrib/meaofd/meaofd.info.yml
media,core,media,no,,,yes,yes,yes,no,no,/srv/usagov-2021/web/core/modules/media/media.info.yml
media_library,core,media_library,no,,,yes,yes,yes,no,no,/srv/usagov-2021/web/core/modules/media_library/media_library.info.yml
menu_block,contrib,menu_block,no,,,yes,yes,yes,no,no,/srv/usagov-2021/web/modules/contrib/menu_block/menu_block.info.yml
menu_breadcrumb,contrib,menu_breadcrumb,no,,,yes,yes,yes,no,no,/srv/usagov-2021/web/modules/contrib/menu_breadcrumb/menu_breadcrumb.info.yml
menu_item_fields,contrib,menu_item_fields,no,,,yes,yes,yes,no,no,/srv/usagov-2021/web/modules/contrib/menu_item_fields/menu_item_fields.info.yml
menu_item_fields_ui,contrib,menu_item_fields,yes,menu_item_fields,path_under_canonical_project,yes,yes,yes,yes,no,/srv/usagov-2021/web/modules/contrib/menu_item_fields/modules/menu_item_fields_ui/menu_item_fields_ui.info.yml
menu_link_content,core,menu_link_content,no,,,yes,yes,yes,no,no,/srv/usagov-2021/web/core/modules/menu_link_content/menu_link_content.info.yml
menu_ui,core,menu_ui,no,,,yes,yes,yes,no,no,/srv/usagov-2021/web/core/modules/menu_ui/menu_ui.info.yml
migrate,core,migrate,no,,,yes,no,no,no,yes,/srv/usagov-2021/web/core/modules/migrate/migrate.info.yml
migrate_drupal,core,migrate_drupal,no,,,yes,no,no,no,yes,/srv/usagov-2021/web/core/modules/migrate_drupal/migrate_drupal.info.yml
migrate_drupal_ui,core,migrate_drupal_ui,no,,,yes,no,no,no,yes,/srv/usagov-2021/web/core/modules/migrate_drupal_ui/migrate_drupal_ui.info.yml
minimal,n/a,n/a,no,,,no,no,yes,no,no,
mysql,core,mysql,no,,,yes,yes,yes,no,no,/srv/usagov-2021/web/core/modules/mysql/mysql.info.yml
navigation,core,navigation,no,,,yes,no,no,no,yes,/srv/usagov-2021/web/core/modules/navigation/navigation.info.yml
navigation_top_bar,core,navigation,yes,navigation,path_under_canonical_project,yes,no,no,no,yes,/srv/usagov-2021/web/core/modules/navigation/modules/navigation_top_bar/navigation_top_bar.info.yml
new_relic_rpm,contrib,new_relic_rpm,no,,,yes,yes,yes,no,no,/srv/usagov-2021/web/modules/contrib/new_relic_rpm/new_relic_rpm.info.yml
node,core,node,no,,,yes,yes,yes,no,no,/srv/usagov-2021/web/core/modules/node/node.info.yml
node_menus,contrib,node_menus,no,,,yes,yes,yes,no,no,/srv/usagov-2021/web/modules/contrib/node_menus/node_menus.info.yml
options,core,options,no,,,yes,yes,yes,no,no,/srv/usagov-2021/web/core/modules/options/options.info.yml
page_cache,core,page_cache,no,,,yes,yes,yes,no,no,/srv/usagov-2021/web/core/modules/page_cache/page_cache.info.yml
paragraphs,contrib,paragraphs,no,,,yes,yes,yes,no,no,/srv/usagov-2021/web/modules/contrib/paragraphs/paragraphs.info.yml
paragraphs_demo,contrib,paragraphs,yes,paragraphs,path_under_canonical_project,yes,no,no,yes,no,/srv/usagov-2021/web/modules/contrib/paragraphs/modules/paragraphs_demo/paragraphs_demo.info.yml
paragraphs_entity_embed,contrib,paragraphs_entity_embed,no,,,yes,yes,yes,no,no,/srv/usagov-2021/web/modules/contrib/paragraphs_entity_embed/paragraphs_entity_embed.info.yml
paragraphs_library,contrib,paragraphs,yes,paragraphs,path_under_canonical_project,yes,no,no,yes,no,/srv/usagov-2021/web/modules/contrib/paragraphs/modules/paragraphs_library/paragraphs_library.info.yml
paragraphs_type_permissions,contrib,paragraphs,yes,paragraphs,path_under_canonical_project,yes,no,no,yes,no,/srv/usagov-2021/web/modules/contrib/paragraphs/modules/paragraphs_type_permissions/paragraphs_type_permissions.info.yml
path,core,path,no,,,yes,yes,yes,no,no,/srv/usagov-2021/web/core/modules/path/path.info.yml
path_alias,core,path_alias,no,,,yes,yes,yes,no,no,/srv/usagov-2021/web/core/modules/path_alias/path_alias.info.yml
pathauto,contrib,pathauto,no,,,yes,yes,yes,no,no,/srv/usagov-2021/web/modules/contrib/pathauto/pathauto.info.yml
permission_spreadsheet,contrib,permission_spreadsheet,no,,,yes,yes,yes,no,no,/srv/usagov-2021/web/modules/contrib/permission_spreadsheet/permission_spreadsheet.info.yml
pgsql,core,pgsql,no,,,yes,no,no,no,yes,/srv/usagov-2021/web/core/modules/pgsql/pgsql.info.yml
phpass,core,phpass,no,,,yes,no,no,no,yes,/srv/usagov-2021/web/core/modules/phpass/phpass.info.yml
redirect,contrib,redirect,no,,,yes,yes,yes,no,no,/srv/usagov-2021/web/modules/contrib/redirect/redirect.info.yml
redirect_404,contrib,redirect,yes,redirect,path_under_canonical_project,yes,no,no,yes,no,/srv/usagov-2021/web/modules/contrib/redirect/modules/redirect_404/redirect_404.info.yml
redirect_domain,contrib,redirect,yes,redirect,path_under_canonical_project,yes,no,no,yes,no,/srv/usagov-2021/web/modules/contrib/redirect/modules/redirect_domain/redirect_domain.info.yml
redis,contrib,redis,no,,,yes,yes,yes,no,no,/srv/usagov-2021/web/modules/contrib/redis/redis.info.yml
remove_http_headers,contrib,remove_http_headers,no,,,yes,yes,yes,no,no,/srv/usagov-2021/web/modules/contrib/remove_http_headers/remove_http_headers.info.yml
responsive_image,core,responsive_image,no,,,yes,yes,yes,no,no,/srv/usagov-2021/web/core/modules/responsive_image/responsive_image.info.yml
rest,core,rest,no,,,yes,yes,yes,no,no,/srv/usagov-2021/web/core/modules/rest/rest.info.yml
s3fs,contrib,s3fs,no,,,yes,yes,yes,no,no,/srv/usagov-2021/web/modules/contrib/s3fs/s3fs.info.yml
samlauth,contrib,samlauth,no,,,yes,yes,yes,no,no,/srv/usagov-2021/web/modules/contrib/samlauth/samlauth.info.yml
samlauth_user_fields,contrib,samlauth,yes,samlauth,path_under_canonical_project,yes,no,no,yes,no,/srv/usagov-2021/web/modules/contrib/samlauth/modules/samlauth_user_fields/samlauth_user_fields.info.yml
samlauth_user_roles,contrib,samlauth,yes,samlauth,path_under_canonical_project,yes,no,no,yes,no,/srv/usagov-2021/web/modules/contrib/samlauth/modules/samlauth_user_roles/samlauth_user_roles.info.yml
scheduler,contrib,scheduler,no,,,yes,yes,yes,no,no,/srv/usagov-2021/web/modules/contrib/scheduler/scheduler.info.yml
scheduler_content_moderation_integration,contrib,scheduler_content_moderation_integration,no,,,yes,yes,yes,no,no,/srv/usagov-2021/web/modules/contrib/scheduler_content_moderation_integration/scheduler_content_moderation_integration.info.yml
scheduler_rules_integration,contrib,scheduler,yes,scheduler,path_under_canonical_project,yes,no,no,yes,no,/srv/usagov-2021/web/modules/contrib/scheduler/scheduler_rules_integration/scheduler_rules_integration.info.yml
sdc,core,sdc,no,,,yes,no,no,no,yes,/srv/usagov-2021/web/core/modules/sdc/sdc.info.yml
search,core,search,no,,,yes,no,no,no,yes,/srv/usagov-2021/web/core/modules/search/search.info.yml
serialization,core,serialization,no,,,yes,yes,yes,no,no,/srv/usagov-2021/web/core/modules/serialization/serialization.info.yml
settings_tray,core,settings_tray,no,,,yes,yes,yes,no,no,/srv/usagov-2021/web/core/modules/settings_tray/settings_tray.info.yml
shortcut,core,shortcut,no,,,yes,no,no,no,yes,/srv/usagov-2021/web/core/modules/shortcut/shortcut.info.yml
simple_sitemap,contrib,simple_sitemap,no,,,yes,yes,yes,no,no,/srv/usagov-2021/web/modules/contrib/simple_sitemap/simple_sitemap.info.yml
simple_sitemap_engines,contrib,simple_sitemap,yes,simple_sitemap,path_under_canonical_project,yes,no,no,yes,no,/srv/usagov-2021/web/modules/contrib/simple_sitemap/modules/simple_sitemap_engines/simple_sitemap_engines.info.yml
simple_sitemap_views,contrib,simple_sitemap,yes,simple_sitemap,path_under_canonical_project,yes,no,no,yes,no,/srv/usagov-2021/web/modules/contrib/simple_sitemap/modules/simple_sitemap_views/simple_sitemap_views.info.yml
simplify_menu,contrib,simplify_menu,no,,,yes,yes,yes,no,no,/srv/usagov-2021/web/modules/contrib/simplify_menu/simplify_menu.info.yml
simplify_menu_test,contrib,simplify_menu,yes,simplify_menu,path_under_canonical_project,yes,no,no,yes,no,/srv/usagov-2021/web/modules/contrib/simplify_menu/modules/simplify_menu_test/simplify_menu_test.info.yml
sortableviews,contrib,sortableviews,no,,,yes,yes,yes,no,no,/srv/usagov-2021/web/modules/contrib/sortableviews/sortableviews.info.yml
sqlite,core,sqlite,no,,,yes,no,no,no,yes,/srv/usagov-2021/web/core/modules/sqlite/sqlite.info.yml
statistics,core,statistics,no,,,yes,no,no,no,yes,/srv/usagov-2021/web/core/modules/statistics/statistics.info.yml
structure_sync,contrib,structure_sync,no,,,yes,yes,yes,no,no,/srv/usagov-2021/web/modules/contrib/structure_sync/structure_sync.info.yml
syslog,core,syslog,no,,,yes,no,no,no,yes,/srv/usagov-2021/web/core/modules/syslog/syslog.info.yml
system,core,system,no,,,yes,yes,yes,no,no,/srv/usagov-2021/web/core/modules/system/system.info.yml
taxonomy,core,taxonomy,no,,,yes,yes,yes,no,no,/srv/usagov-2021/web/core/modules/taxonomy/taxonomy.info.yml
telephone,core,telephone,no,,,yes,yes,yes,no,no,/srv/usagov-2021/web/core/modules/telephone/telephone.info.yml
term_condition,contrib,term_condition,no,,,yes,yes,yes,no,no,/srv/usagov-2021/web/modules/contrib/term_condition/term_condition.info.yml
testing_config_overrides_module,other,,no,,,yes,no,no,no,yes,/srv/usagov-2021/web/core/profiles/testing_config_overrides/modules/testing_config_overrides_module/testing_config_overrides_module.info.yml
text,core,text,no,,,yes,yes,yes,no,no,/srv/usagov-2021/web/core/modules/text/text.info.yml
token,contrib,token,no,,,yes,yes,yes,no,no,/srv/usagov-2021/web/modules/contrib/token/token.info.yml
tome,contrib,tome,no,,,yes,no,no,no,yes,/srv/usagov-2021/web/modules/contrib/tome/tome.info.yml
tome_base,contrib,tome,yes,tome,path_under_canonical_project,yes,yes,yes,no,no,/srv/usagov-2021/web/modules/contrib/tome/modules/tome_base/tome_base.info.yml
tome_static,contrib,tome,yes,tome,path_under_canonical_project,yes,yes,yes,no,no,/srv/usagov-2021/web/modules/contrib/tome/modules/tome_static/tome_static.info.yml
tome_static_cron,contrib,tome,yes,tome,path_under_canonical_project,yes,no,no,no,yes,/srv/usagov-2021/web/modules/contrib/tome/modules/tome_static/modules/tome_static_cron/tome_static_cron.info.yml
tome_static_super_cache,contrib,tome,yes,tome,path_under_canonical_project,yes,no,no,no,yes,/srv/usagov-2021/web/modules/contrib/tome/modules/tome_static/modules/tome_static_super_cache/tome_static_super_cache.info.yml
tome_sync,contrib,tome,yes,tome,path_under_canonical_project,yes,no,no,no,yes,/srv/usagov-2021/web/modules/contrib/tome/modules/tome_sync/tome_sync.info.yml
tome_sync_autoclean,contrib,tome,yes,tome,path_under_canonical_project,yes,no,no,no,yes,/srv/usagov-2021/web/modules/contrib/tome/modules/tome_sync/modules/tome_sync_autoclean/tome_sync_autoclean.info.yml
toolbar,core,toolbar,no,,,yes,yes,yes,no,no,/srv/usagov-2021/web/core/modules/toolbar/toolbar.info.yml
tour,core,tour,no,,,yes,no,no,no,yes,/srv/usagov-2021/web/core/modules/tour/tour.info.yml
tracker,core,tracker,no,,,yes,no,no,no,yes,/srv/usagov-2021/web/core/modules/tracker/tracker.info.yml
twig_field_value,contrib,twig_field_value,no,,,yes,yes,yes,no,no,/srv/usagov-2021/web/modules/contrib/twig_field_value/twig_field_value.info.yml
twig_tweak,contrib,twig_tweak,no,,,yes,yes,yes,no,no,/srv/usagov-2021/web/modules/contrib/twig_tweak/twig_tweak.info.yml
update,core,update,no,,,yes,yes,yes,no,no,/srv/usagov-2021/web/core/modules/update/update.info.yml
usa_admin_styles,custom,usa_admin_styles,no,,,yes,yes,yes,no,no,/srv/usagov-2021/web/modules/custom/usa_admin_styles/usa_admin_styles.info.yml
usa_contact_center_api,custom,usa_contact_center_api,no,,,yes,yes,yes,no,no,/srv/usagov-2021/web/modules/custom/usa_contact_center_api/usa_contact_center_api.info.yml
usa_content_moderation_notifications,custom,usa_content_moderation_notifications,no,,,yes,yes,yes,no,no,/srv/usagov-2021/web/modules/custom/usa_content_moderation_notifications/usa_content_moderation_notifications.info.yml
usa_orphaned_entities,custom,usa_orphaned_entities,no,,,yes,yes,yes,no,no,/srv/usagov-2021/web/modules/custom/usa_orphaned_entities/usa_orphaned_entities.info.yml
usa_translation,custom,usa_translation,no,,,yes,yes,yes,no,no,/srv/usagov-2021/web/modules/custom/usa_translation/usa_translation.info.yml
usa_twig_vars,custom,usa_twig_vars,no,,,yes,yes,yes,no,no,/srv/usagov-2021/web/modules/custom/usa_twig_vars/usa_twig_vars.info.yml
usa_workflow,custom,usa_workflow,no,,,yes,no,no,no,yes,/srv/usagov-2021/web/modules/custom/usa_workflow/usa_workflow.info.yml
usagov_benefit_category_search,custom,usagov_benefit_category_search,no,,,yes,yes,yes,no,no,/srv/usagov-2021/web/modules/custom/usagov_benefit_category_search/usagov_benefit_category_search.info.yml
usagov_benefit_finder,custom,usagov_benefit_finder,no,,,yes,yes,yes,no,no,/srv/usagov-2021/web/modules/custom/usagov_benefit_finder/usagov_benefit_finder.info.yml
usagov_benefit_finder_api,custom,usagov_benefit_finder,yes,usagov_benefit_finder,path_under_canonical_project,yes,yes,yes,yes,no,/srv/usagov-2021/web/modules/custom/usagov_benefit_finder/modules/usagov_benefit_finder_api/usagov_benefit_finder_api.info.yml
usagov_benefit_finder_content,custom,usagov_benefit_finder,yes,usagov_benefit_finder,path_under_canonical_project,yes,yes,yes,yes,no,/srv/usagov-2021/web/modules/custom/usagov_benefit_finder/modules/usagov_benefit_finder_content/usagov_benefit_finder_content.info.yml
usagov_benefit_finder_page,custom,usagov_benefit_finder,yes,usagov_benefit_finder,path_under_canonical_project,yes,yes,yes,yes,no,/srv/usagov-2021/web/modules/custom/usagov_benefit_finder/modules/usagov_benefit_finder_app/usagov_benefit_finder_page/usagov_benefit_finder_page.info.yml
usagov_blog_date_menu,custom,usagov_blog_date_menu,no,,,yes,yes,yes,no,no,/srv/usagov-2021/web/modules/custom/usagov_blog_date_menu/usagov_blog_date_menu.info.yml
usagov_ckeditor5_source_editing_fixup,custom,usagov_ckeditor5_source_editing_fixup,no,,,yes,yes,yes,no,no,/srv/usagov-2021/web/modules/custom/usagov_ckeditor5_source_editing_fixup/usagov_ckeditor5_source_editing_fixup.info.yml
usagov_directories,custom,usagov_directories,no,,,yes,yes,yes,no,no,/srv/usagov-2021/web/modules/custom/usagov_directories/usagov_directories.info.yml
usagov_extra_functions,custom,usagov_extra_functions,no,,,yes,yes,yes,no,no,/srv/usagov-2021/web/modules/custom/usagov_extra_functions/usagov_extra_functions.info.yml
usagov_login,custom,usagov_login,no,,,yes,yes,yes,no,no,/srv/usagov-2021/web/modules/custom/usagov_login/usagov_login.info.yml
usagov_menus,custom,usagov_menus,no,,,yes,yes,yes,no,no,/srv/usagov-2021/web/modules/custom/usagov_menus/usagov_menus.info.yml
usagov_redirect,custom,usagov_redirect,no,,,yes,yes,yes,no,no,/srv/usagov-2021/web/modules/custom/usagov_redirect/usagov_redirect.info.yml
usagov_sitemap,custom,usagov_sitemap,no,,,yes,yes,yes,no,no,/srv/usagov-2021/web/modules/custom/usagov_sitemap/usagov_sitemap.info.yml
usagov_ssg_postprocessing,custom,usagov_ssg_postprocessing,no,,,yes,yes,yes,no,no,/srv/usagov-2021/web/modules/custom/usagov_ssg_postprocessing/usagov_ssg_postprocessing.info.yml
usagov_top_navigation_menu,custom,usagov_top_navigation_menu,no,,,yes,yes,yes,no,no,/srv/usagov-2021/web/modules/custom/usagov_top_navigation_menu/usagov_top_navigation_menu.info.yml
usagov_unpub_es,custom,usagov_unpub_es,no,,,yes,no,no,no,yes,/srv/usagov-2021/web/modules/custom/usagov_unpub_es/usagov_unpub_es.info.yml
usagov_uswds_paragraph_components_mods,custom,usagov_uswds_paragraph_components_mods,no,,,yes,yes,yes,no,no,/srv/usagov-2021/web/modules/custom/usagov_uswds_paragraph_components_mods/usagov_uswds_paragraph_components_mods.info.yml
usagov_wizard,custom,usagov_wizard,no,,,yes,yes,yes,no,no,/srv/usagov-2021/web/modules/custom/usagov_wizard/usagov_wizard.info.yml
user,core,user,no,,,yes,yes,yes,no,no,/srv/usagov-2021/web/core/modules/user/user.info.yml
uswds_ckeditor_integration,contrib,uswds_ckeditor_integration,no,,,yes,yes,yes,no,no,/srv/usagov-2021/web/modules/contrib/uswds_ckeditor_integration/uswds_ckeditor_integration.info.yml
uswds_ckeditor_integration_embed,contrib,uswds_ckeditor_integration,yes,uswds_ckeditor_integration,path_under_canonical_project,yes,no,no,yes,no,/srv/usagov-2021/web/modules/contrib/uswds_ckeditor_integration/modules/uswds_ckeditor_integration_embed/uswds_ckeditor_integration_embed.info.yml
uswds_paragraph_components,contrib,uswds_paragraph_components,no,,,yes,yes,yes,no,no,/srv/usagov-2021/web/modules/contrib/uswds_paragraph_components/uswds_paragraph_components.info.yml
uswds_paragraph_components_accordions,contrib,uswds_paragraph_components,yes,uswds_paragraph_components,path_under_canonical_project,yes,no,no,yes,no,/srv/usagov-2021/web/modules/contrib/uswds_paragraph_components/modules/uswds_paragraph_components_accordions/uswds_paragraph_components_accordions.info.yml
uswds_paragraph_components_alerts,contrib,uswds_paragraph_components,yes,uswds_paragraph_components,path_under_canonical_project,yes,no,no,yes,no,/srv/usagov-2021/web/modules/contrib/uswds_paragraph_components/modules/uswds_paragraph_components_alerts/uswds_paragraph_components_alerts.info.yml
uswds_paragraph_components_breakpoints,contrib,uswds_paragraph_components,yes,uswds_paragraph_components,path_under_canonical_project,yes,yes,yes,yes,no,/srv/usagov-2021/web/modules/contrib/uswds_paragraph_components/modules/uswds_paragraph_components_breakpoints/uswds_paragraph_components_breakpoints.info.yml
uswds_paragraph_components_cards,contrib,uswds_paragraph_components,yes,uswds_paragraph_components,path_under_canonical_project,yes,yes,yes,yes,no,/srv/usagov-2021/web/modules/contrib/uswds_paragraph_components/modules/uswds_paragraph_components_cards/uswds_paragraph_components_cards.info.yml
uswds_paragraph_components_columns,contrib,uswds_paragraph_components,yes,uswds_paragraph_components,path_under_canonical_project,yes,no,no,yes,no,/srv/usagov-2021/web/modules/contrib/uswds_paragraph_components/modules/uswds_paragraph_components_columns/uswds_paragraph_components_columns.info.yml
uswds_paragraph_components_modal,contrib,uswds_paragraph_components,yes,uswds_paragraph_components,path_under_canonical_project,yes,no,no,yes,no,/srv/usagov-2021/web/modules/contrib/uswds_paragraph_components/modules/uswds_paragraph_components_modal/uswds_paragraph_components_modal.info.yml
uswds_paragraph_components_process_list,contrib,uswds_paragraph_components,yes,uswds_paragraph_components,path_under_canonical_project,yes,no,no,yes,no,/srv/usagov-2021/web/modules/contrib/uswds_paragraph_components/modules/uswds_paragraph_components_process_list/uswds_paragraph_components_process_list.info.yml
uswds_paragraph_components_step_indicator,contrib,uswds_paragraph_components,yes,uswds_paragraph_components,path_under_canonical_project,yes,no,no,yes,no,/srv/usagov-2021/web/modules/contrib/uswds_paragraph_components/modules/uswds_paragraph_components_step_indicator/uswds_paragraph_components_step_indicator.info.yml
uswds_paragraph_components_summary_box,contrib,uswds_paragraph_components,yes,uswds_paragraph_components,path_under_canonical_project,yes,no,no,yes,no,/srv/usagov-2021/web/modules/contrib/uswds_paragraph_components/modules/uswds_paragraph_components_summary_box/uswds_paragraph_components_summary_box.info.yml
views,core,views,no,,,yes,yes,yes,no,no,/srv/usagov-2021/web/core/modules/views/views.info.yml
views_data_export,contrib,views_data_export,no,,,yes,yes,yes,no,no,/srv/usagov-2021/web/modules/contrib/views_data_export/views_data_export.info.yml
views_menu_children_filter,contrib,views_menu_children_filter,no,,,yes,yes,yes,no,no,/srv/usagov-2021/web/modules/contrib/views_menu_children_filter/views_menu_children_filter.info.yml
views_ui,core,views_ui,no,,,yes,yes,yes,no,no,/srv/usagov-2021/web/core/modules/views_ui/views_ui.info.yml
viewsreference,contrib,viewsreference,no,,,yes,yes,yes,no,no,/srv/usagov-2021/web/modules/contrib/viewsreference/viewsreference.info.yml
workflows,core,workflows,no,,,yes,yes,yes,no,no,/srv/usagov-2021/web/core/modules/workflows/workflows.info.yml
workspaces,core,workspaces,no,,,yes,no,no,no,yes,/srv/usagov-2021/web/core/modules/workspaces/workspaces.info.yml
