module_name,module_type,project_key,parent_module,enabled_runtime_drush,enabled_in_core_extension,safe_to_flag_for_deletion,candidate_source
address,contrib,address,,no,no,yes,preflight_safe_present_non_core
meaofd,contrib,meaofd,,no,no,yes,preflight_safe_present_non_core
tome,contrib,tome,,no,no,yes,preflight_safe_present_non_core
tome_static_cron,contrib,tome,tome,no,no,yes,preflight_safe_present_non_core
tome_static_super_cache,contrib,tome,tome,no,no,yes,preflight_safe_present_non_core
tome_sync,contrib,tome,tome,no,no,yes,preflight_safe_present_non_core
tome_sync_autoclean,contrib,tome,tome,no,no,yes,preflight_safe_present_non_core
usa_workflow,custom,usa_workflow,,no,no,yes,preflight_safe_present_non_core
usagov_unpub_es,custom,usagov_unpub_es,,no,no,yes,preflight_safe_present_non_core
