module_name,source,info_path
address,contrib,web/modules/contrib/address/address.info.yml
admin_toolbar_links_access_filter,contrib,web/modules/contrib/admin_toolbar/admin_toolbar_links_access_filter/admin_toolbar_links_access_filter.info.yml
admin_toolbar_search,contrib,web/modules/contrib/admin_toolbar/admin_toolbar_search/admin_toolbar_search.info.yml
ctools_block,contrib,web/modules/contrib/ctools/modules/ctools_block/ctools_block.info.yml
ctools_entity_mask,contrib,web/modules/contrib/ctools/modules/ctools_entity_mask/ctools_entity_mask.info.yml
ctools_views,contrib,web/modules/contrib/ctools/modules/ctools_views/ctools_views.info.yml
devel,contrib,web/modules/contrib/devel/devel.info.yml
devel_generate,contrib,web/modules/contrib/devel/devel_generate/devel_generate.info.yml
feeds_log,contrib,web/modules/contrib/feeds/modules/log/feeds_log.info.yml
field_group_accordion,contrib,web/modules/contrib/field_group/modules/field_group_accordion/field_group_accordion.info.yml
field_group_migrate,contrib,web/modules/contrib/field_group/contrib/field_group_migrate/field_group_migrate.info.yml
meaofd,contrib,web/modules/contrib/meaofd/meaofd.info.yml
paragraphs_demo,contrib,web/modules/contrib/paragraphs/modules/paragraphs_demo/paragraphs_demo.info.yml
paragraphs_library,contrib,web/modules/contrib/paragraphs/modules/paragraphs_library/paragraphs_library.info.yml
paragraphs_type_permissions,contrib,web/modules/contrib/paragraphs/modules/paragraphs_type_permissions/paragraphs_type_permissions.info.yml
redirect_404,contrib,web/modules/contrib/redirect/modules/redirect_404/redirect_404.info.yml
redirect_domain,contrib,web/modules/contrib/redirect/modules/redirect_domain/redirect_domain.info.yml
samlauth_user_fields,contrib,web/modules/contrib/samlauth/modules/samlauth_user_fields/samlauth_user_fields.info.yml
samlauth_user_roles,contrib,web/modules/contrib/samlauth/modules/samlauth_user_roles/samlauth_user_roles.info.yml
scheduler_rules_integration,contrib,web/modules/contrib/scheduler/scheduler_rules_integration/scheduler_rules_integration.info.yml
simple_sitemap_engines,contrib,web/modules/contrib/simple_sitemap/modules/simple_sitemap_engines/simple_sitemap_engines.info.yml
simple_sitemap_views,contrib,web/modules/contrib/simple_sitemap/modules/simple_sitemap_views/simple_sitemap_views.info.yml
simplify_menu_test,contrib,web/modules/contrib/simplify_menu/modules/simplify_menu_test/simplify_menu_test.info.yml
tome,contrib,web/modules/contrib/tome/tome.info.yml
tome_static_cron,contrib,web/modules/contrib/tome/modules/tome_static/modules/tome_static_cron/tome_static_cron.info.yml
tome_static_super_cache,contrib,web/modules/contrib/tome/modules/tome_static/modules/tome_static_super_cache/tome_static_super_cache.info.yml
tome_sync,contrib,web/modules/contrib/tome/modules/tome_sync/tome_sync.info.yml
tome_sync_autoclean,contrib,web/modules/contrib/tome/modules/tome_sync/modules/tome_sync_autoclean/tome_sync_autoclean.info.yml
usa_workflow,custom,web/modules/custom/usa_workflow/usa_workflow.info.yml
usagov_unpub_es,custom,web/modules/custom/usagov_unpub_es/usagov_unpub_es.info.yml
uswds_ckeditor_integration_embed,contrib,web/modules/contrib/uswds_ckeditor_integration/modules/uswds_ckeditor_integration_embed/uswds_ckeditor_integration_embed.info.yml
uswds_paragraph_components_accordions,contrib,web/modules/contrib/uswds_paragraph_components/modules/uswds_paragraph_components_accordions/uswds_paragraph_components_accordions.info.yml
uswds_paragraph_components_alerts,contrib,web/modules/contrib/uswds_paragraph_components/modules/uswds_paragraph_components_alerts/uswds_paragraph_components_alerts.info.yml
uswds_paragraph_components_columns,contrib,web/modules/contrib/uswds_paragraph_components/modules/uswds_paragraph_components_columns/uswds_paragraph_components_columns.info.yml
uswds_paragraph_components_modal,contrib,web/modules/contrib/uswds_paragraph_components/modules/uswds_paragraph_components_modal/uswds_paragraph_components_modal.info.yml
uswds_paragraph_components_process_list,contrib,web/modules/contrib/uswds_paragraph_components/modules/uswds_paragraph_components_process_list/uswds_paragraph_components_process_list.info.yml
uswds_paragraph_components_step_indicator,contrib,web/modules/contrib/uswds_paragraph_components/modules/uswds_paragraph_components_step_indicator/uswds_paragraph_components_step_indicator.info.yml
uswds_paragraph_components_summary_box,contrib,web/modules/contrib/uswds_paragraph_components/modules/uswds_paragraph_components_summary_box/uswds_paragraph_components_summary_box.info.yml
